"","Df","SumOfSqs","R2","F","Pr(>F)"
"Gut_SubSection",7,3.08069976189529,0.352229897100527,2.78639078236709,0.001
"Species",2,1.7302072527496,0.197822173434923,5.47720280988392,0.001
"Residual",25,3.94865616813418,0.451467154634894,NA,NA
"Total",34,8.74627562070932,1,NA,NA
