"","Df","SumsOfSqs","MeanSqs","F.Model","R2","Pr(>F)"
"Gut_SubSection",7,3.33182361518057,0.475974802168654,6.53985358169024,0.490609890905811,0.001
"Species",2,1.1885033391718,0.594251669585898,8.16496775051904,0.175006711314358,0.001
"Gut_SubSection:Species",11,1.10636983496562,0.100579075905966,1.38194800819236,0.162912580834368,0.097
"Residuals",16,1.16449041856533,0.0727806511603333,NA,0.171470816945463,NA
"Total",36,6.79118720788332,NA,NA,1,NA
