"","Df","SumOfSqs","R2","F","Pr(>F)"
"Gut_SubSection",7,3.16523114783269,0.466079206910749,5.37626597413275,0.001
"Species",2,1.18850333917179,0.175006711314357,7.06551407285905,0.001
"Residual",27,2.27086025353095,0.334383397779832,NA,NA
"Total",36,6.79118720788332,1,NA,NA
